peptide,log(IC50_relative),IC50(nM),binary-label
PLAKAAAAV,8.37,1726254.425,0
YNVAPLSND,7.888,1066043.348,0
PANQPINES,7.888,1066043.348,0
APAAAAAAK,7.684,869318.2364,0
VLQAGFFLL,7.586,788166.426,0
AAASAAAAS,7.502,724664.8471,0
PPETNVELG,7.483,711026.1925,0
KPRSSHPFD,7.447,685884.515,0
YVFAAGPPD,7.447,685884.515,0
FLAKKPEDK,7.418,666279.5106,0
DPTKSSITK,7.313,599867.7823,0
ALAAAAAAE,7.251,563805.4629,0
VAFAITTKE,7.195,533100.1302,0
SSKKYKVKS,7.17,519937.8411,0
APAKAAAAV,7.147,508115.746,0
HLIDYLVTS,7.09,479963.1202,0
IIGTDNSVV,7.09,479963.1202,0
YDSMLAIRG,7.061,466244.0773,0
LSLQIQTLS,7.061,466244.0773,0
PHIKTHTMK,7.061,466244.0773,0
SKSVAETQE,7.061,466244.0773,0
PDIYPANLS,7.041,457011.826,0
PTAWRSEMN,7.041,457011.826,0
ARAAAAAAE,7.034,453823.914,0
GIFSPGGAI,6.908,400097.9004,0
HLSLRGLPV,6.908,400097.9004,0
DIDFLIEEI,6.908,400097.9004,0
FLIEEIERL,6.908,400097.9004,0
GLMQNCNQM,6.908,400097.9004,0
IMPKAGLLI,6.908,400097.9004,0
SLKKGAAAL,6.908,400097.9004,0
GMAALPRLI,6.908,400097.9004,0
EIERLGQDL,6.908,400097.9004,0
QLDPARDVL,6.908,400097.9004,0
RLSKVAPVI,6.908,400097.9004,0
ILMHCQTTL,6.908,400097.9004,0
CLCCLLTMV,6.856,379824.4864,0
YLEPGPVTA,6.856,379824.4864,0
INLAVMFPT,6.833,371188.221,0
KYAGSDKGQ,6.828,369336.912,0
DLAKAAAAV,6.811,363111.2525,0
EIEVLAKSR,6.802,359857.9133,0
FYEFHNSGT,6.774,349921.6485,0
TKPTLKGAI,6.764,346439.87,0
FLFPYGNPS,6.753,342649.9144,0
PDVWVTVLF,6.685,320124.2713,0
PSVSQVLKS,6.62,299978.0388,0
ILRGSVAHK,6.62,299978.0388,0
ALAAAAAAT,6.494,264465.0928,0
QLFHLCLII,6.489,263146.0676,0
YMNGTMSQV,6.477,260007.1857,0
DQNGKYVNP,6.466,257162.7796,0
FKGSLTGNM,6.461,255880.1749,0
HLESLFTAV,6.397,240016.8833,0
RPKSNIVLL,6.389,238104.4084,0
ELDTISTPQ,6.328,224014.1609,0
ISDKVVYVD,6.31,220017.9795,0
EEFYVDLER,6.292,216093.0859,0
GMRMLLGGN,6.279,213302.0568,0
DPALDSEVD,6.254,208035.6102,0
AAASAAAAD,6.251,207412.4386,0
AGAAAAAAK,6.215,200078.3957,0
GRQKGAGSV,6.215,200078.3957,0
GEVDVEQHT,6.215,200078.3957,0
WLSLLVPFV,6.213,199678.6388,0
ALAKAAAAG,6.157,188803.9676,0
KPGQAGGEA,6.144,186365.401,0
QPEYSNKSY,6.144,186365.401,0
TITHKEKIK,6.144,186365.401,0
GLYSSTAPI,6.121,182127.9147,0
HLLVGSSGL,6.118,181582.3497,0
RLLQETELV,6.089,176392.0841,0
FGDPRQSFR,6.059,171178.9102,0
GEILDVFDA,5.991,159925.6897,0
AAASAAAAG,5.971,156758.9489,0
WILRGTSFV,5.969,156445.7443,0
FLTKQYLNL,5.956,154425.1122,0
FLCKQYLNL,5.924,149561.7376,0
ILHNGAYSL,5.914,148073.5734,0
VAIGWLSIE,5.838,137236.9876,0
ILKEPVHGV,5.824,135329.0565,0
FLAKAAAAV,5.758,126685.7066,0
KADDDKPGA,5.753,126053.859,0
LALLIDKMT,5.753,126053.859,0
YPLTFGWCY,5.717,121596.6316,0
FIDVRLSPA,5.704,120026.1059,0
DSDDKYKAV,5.704,120026.1059,0
YMLAEQLDR,5.656,114400.9368,0
SFNCGSEFF,5.635,112023.5669,0
YGKIRDLIV,5.617,110025.1821,0
PLEEELPRL,5.595,107631.06,0
HEETPPTTS,5.561,104033.1156,0
GEFGGFGSV,5.501,97974.69863,0
TNEHQEPVS,5.497,97583.58259,0
KIKKKDSVS,5.481,96034.66962,0
IVTDFSVIK,5.481,96034.66962,0
AAASAAAAN,5.324,82081.22191,0
LLDDEAGPL,5.318,81590.20909,0
REPSEINVM,5.298,79974.6147,0
VRAAAAAAA,5.298,79974.6147,0
PLPIHTAEL,5.298,79974.6147,0
GRPPQKGSL,5.298,79974.6147,0
LIVSATQPA,5.298,79974.6147,0
ILSPFLPLL,5.284,78862.77116,0
NLSWLSLDV,5.274,78078.07348,0
FADAYKIYD,5.193,72003.1068,0
KPIVQYDNF,5.193,72003.1068,0
FVYFDIVIF,5.193,72003.1068,0
SLYADSPSV,5.13,67606.84722,0
LLAQFTSAI,5.088,64826.16276,0
DLMGYIPLV,5.075,63988.87679,0
LLMMIANES,5.075,63988.87679,0
ELAEYLYNI,5.075,63988.87679,0
ALEKAAAAV,5.069,63606.09303,0
HLYQGCQVV,5.069,63606.09303,0
AAASAAAAT,5.061,63099.27426,0
KNVRGHSKN,5.056,62784.56532,0
KLAKAAAAV,5.052,62533.92867,0
KRAAAAAAA,5.024,60807.26477,0
RGQVRVNRH,5.011,60021.88635,0
ALAKAAALV,4.976,57957.45855,0
ALAAAAAAQ,4.971,57668.39452,0
GWHRQTLEE,4.963,57208.88784,0
AGAKAAAAV,4.963,57208.88784,0
AGDRTFQKW,4.942,56020.02791,0
RPQMGMLGT,4.89,53181.42962,0
ALAKAAAAN,4.887,53022.12441,0
EIAPVFVLL,4.875,52389.66128,0
FISVKIDFV,4.868,52024.21421,0
DYDASYDKD,4.868,52024.21421,0
PKLEASNRY,4.868,52024.21421,0
RLRPGGKKH,4.868,52024.21421,0
LTRQALPDQ,4.86,51609.68084,0
SRSAKFVAK,4.84,50587.74069,0
MVKKQQQAV,4.812,49190.93055,0
ATAAAAAAK,4.787,47976.40215,0
YLLPAIVHI,4.787,47976.40215,0
VLAKAAAAV,4.784,47832.68862,0
KLIRDAAEL,4.736,45590.95165,0
AAAAAAAAA,4.727,45182.47399,0
ALACAAAAV,4.693,43672.09187,0
ALAVAAAAV,4.693,43672.09187,0
ANAAAAAAK,4.691,43584.83497,0
GLYSSTVPI,4.654,42001.66533,0
ADAKAAAAV,4.619,40557.03553,0
KAGQVVTIW,4.605,39993.19314,0
KWDDRIGPQ,4.605,39993.19314,0
YQKALSVPK,4.605,39993.19314,0
SILLFHAAF,4.605,39993.19314,0
HEAAAVHGD,4.564,38386.63178,0
YYEEQHPEL,4.554,38004.67841,0
SLNFMGYVI,4.533,37214.90184,0
RTQNVLGEK,4.5,36006.85252,0
ALAAAAAAA,4.464,34733.66078,0
SQSDNYKLQ,4.454,34388.05508,0
AIAKAAAAV,4.454,34388.05508,0
RSQLNLLIA,4.454,34388.05508,0
APAPPPKPM,4.443,34011.85935,0
ESGPSIVHR,4.443,34011.85935,0
ANAKAAAAV,4.442,33977.86449,0
ALSKAAAAV,4.403,32678.23527,0
NLNNLNVSI,4.382,31999.1477,0
IISCTCPTV,4.357,31209.08593,0
VDRSNKRGR,4.357,31209.08593,0
ALKKAAAAV,4.344,30805.99359,0
TRQSYATSG,4.317,29985.36017,0
VLGGSRHKL,4.29,29186.5874,0
EDLRVLSFI,4.248,27986.13666,0
ALAAAAAAK,4.248,27986.13666,0
PAASAAAAY,4.193,26488.46269,0
ALAKAAAGV,4.189,26382.72047,0
FKIFKIFSD,4.174,25989.93293,0
KAKFDIDYK,4.174,25989.93293,0
FKDYSDKKA,4.174,25989.93293,0
IKKVYYSDI,4.174,25989.93293,0
ALAKEAAAV,4.165,25757.07298,0
AAASAAAAQ,4.147,25297.59339,0
APAKAAAAF,4.138,25070.93653,0
KSADSKSAA,4.094,23991.73193,0
SRSAFFKAK,4.094,23991.73193,0
GILGFVFTL,4.094,23991.73193,0
AKAAAAAAK,4.043,22798.83112,0
ALAKGAAAV,4.034,22594.56223,0
AYAAAAAAK,4.028,22459.40075,0
GKSVLIRDL,4.025,22392.12351,0
IVKDDAYSK,4.007,21992.67115,0
SDIKDYYYI,4.007,21992.67115,0
AAASAAAAE,4.007,21992.67115,0
APASAAAAY,3.992,21665.24293,0
ALAKAAAAV,3.984,21492.61243,0
ALAPAAAAV,3.962,21024.93823,0
IEQGSKERK,3.912,19999.5399,0
LTLINRNRS,3.912,19999.5399,0
ALADAAAAV,3.836,18535.8977,0
DAAAAAAAY,3.833,18480.37334,0
AIAAAAAAK,3.829,18406.59949,0
AIFVYKSDS,3.807,18006.07621,0
VMNILLQYM,3.784,17596.66276,0
ALAKAAAEV,3.738,16805.55133,0
AAASAAAAH,3.702,16211.31197,0
YFVVSIISK,3.689,16001.92885,0
DVFRDPALK,3.689,16001.92885,0
GFYPGSIEV,3.689,16001.92885,0
ALAKAAAPV,3.679,15842.707,0
LLLTVLTVV,3.619,14920.09957,0
AAASAAAAA,3.6,14639.29378,0
CLFKDWEEL,3.592,14522.64664,0
KSIIISSVI,3.584,14406.92895,0
ALAKAGAAV,3.563,14107.53805,0
VTSPLTVEW,3.555,13995.12799,0
YHEDIHTYL,3.555,13995.12799,0
EEFQFIKKA,3.555,13995.12799,0
TLWVDPYEV,3.512,13406.0925,0
YSFQPPDEL,3.497,13206.50179,0
ALATAAAAV,3.435,12412.56503,0
KLHLYSHPI,3.408,12081.9097,0
KKVSIFVYS,3.401,11997.63165,0
SPRYIFTML,3.401,11997.63165,0
IAIAKKKKK,3.401,11997.63165,0
ALAKAPAAV,3.387,11830.83511,0
FLWGPRALV,3.367,11596.56888,0
LMWAKIGPV,3.346,11355.58017,0
GLYSSTVPV,3.332,11197.70972,0
YAAAAAAAY,3.321,11075.2099,0
DMAAQITQR,3.296,10801.76199,0
IVGLNKIVR,3.258,10398.99605,0
QYDEAVAQF,3.258,10398.99605,0
AAIAAAIAA,3.258,10398.99605,0
ALAKAAEAV,3.228,10091.65927,0
LLQEYNWEL,3.199,9803.203972,1
YFDPANGKF,3.178,9599.483243,1
AVAAAAAAK,3.178,9599.483243,1
DFKSVADSY,3.178,9599.483243,1
LYNTVATLY,3.178,9599.483243,1
ADAAAAAAY,3.174,9561.162003,1
YLGEFSITY,3.091,8799.626418,1
LVVRPVGKV,3.091,8799.626418,1
SRKAVSFAK,3.091,8799.626418,1
ALAAAAAAR,3.088,8773.267098,1
QAASAAAAY,3.056,8496.966931,1
VRRCPHHER,3.04,8362.097294,1
AYAKAAAAK,3.015,8155.636376,1
LQNKSFFGK,2.996,8002.142098,1
ISVIVFKFF,2.996,8002.142098,1
NLQSLTNLL,2.996,8002.142098,1
ALAKAAAFV,2.983,7898.787511,1
ALAKAAPAV,2.973,7820.193262,1
QVPLRMTYA,2.972,7812.376978,1
AVVASGFQT,2.944,7596.66449,1
DAASAAAAY,2.931,7498.546998,1
EAASAAAAY,2.931,7498.546998,1
ALAKAANAV,2.905,7306.097461,1
SRAHSSHLK,2.901,7276.931442,1
RLGLYRPLL,2.851,6922.031308,1
GAIDKPILK,2.851,6922.031308,1
ALMKAAAAV,2.798,6564.716138,1
AADAAAAAY,2.785,6479.927151,1
EIRLKVFVL,2.773,6402.632719,1
HQAISPRTL,2.773,6402.632719,1
YARTNPESF,2.773,6402.632719,1
FKYAVKIVK,2.773,6402.632719,1
ALAKARAAV,2.769,6377.073341,1
ARAAAAAAK,2.738,6182.416832,1
RRTEEENLR,2.734,6157.736558,1
ALAKYAAAV,2.73,6133.154808,1
ASIAGVQSI,2.708,5999.698801,1
RLVTLKDIV,2.708,5999.698801,1
SWTTGWLVV,2.708,5999.698801,1
SSKPGDGRW,2.708,5999.698801,1
NIIGTDNSV,2.674,5799.137897,1
KWDLRRAFH,2.639,5599.678963,1
RYLKDQQLL,2.639,5599.678963,1
FAASAAAAY,2.597,5369.362939,1
DSIYLDTAR,2.565,5200.263348,1
AMAKAAAAV,2.563,5189.873215,1
ARYNASTEL,2.553,5138.233113,1
ALAKNAAAV,2.548,5112.606069,1
ALAKAAAAI,2.54,5071.868388,1
GLSRYVARL,2.532,5031.455309,1
YAASAAAAY,2.518,4961.505724,1
FLLTRILTI,2.491,4829.337372,1
TNFEIASRM,2.485,4800.448102,1
AAASAAAAP,2.464,4700.68982,1
AAAAAADAY,2.442,4598.403914,1
LLSSNLSWL,2.425,4520.891768,1
SLYNTVATL,2.423,4511.85902,1
YIFYKFISK,2.398,4400.460824,1
SRVAVKSAK,2.398,4400.460824,1
TILQPSLQI,2.398,4400.460824,1
RLGLSRPLL,2.389,4361.034362,1
AFAKAAAAV,2.323,4082.498866,1
VLHKRTLGL,2.303,4001.659972,1
VYYSVIKKA,2.303,4001.659972,1
ARAAAAAAA,2.303,4001.659972,1
ASVQISFNP,2.303,4001.659972,1
IALNASFVR,2.251,3798.891327,1
HAASAAAAY,2.239,3753.577061,1
GRERFEMFR,2.163,3478.876052,1
KIKESFRKL,2.14,3399.775052,1
VLFSSDFRI,2.128,3359.221559,1
HIKPTSSKY,2.079,3198.587379,1
FYIDYDSFF,2.079,3198.587379,1
ALAKAIAAV,2.066,3157.274856,1
WAASAAAAY,2.043,3085.486268,1
HFWNGDRDL,2.015,3000.290952,1
AADKAAAAY,2.015,3000.290952,1
KIKSFVKVY,2.015,3000.290952,1
ALSRKVAEL,2.001,2958.57954,1
LLFGYPVYV,1.946,2800.251594,1
ALAKAAAAR,1.939,2780.718279,1
ALAKLAAAV,1.907,2693.143956,1
AAASAAAAM,1.905,2687.763051,1
RRIKEIVKK,1.902,2679.711845,1
RNVWRGFST,1.887,2639.816133,1
AAASAAAAV,1.881,2624.024658,1
PRKVSVVSF,1.872,2600.514391,1
GQYGNPLNK,1.872,2600.514391,1
VYSYSKIFV,1.872,2600.514391,1
ALMPLYASI,1.841,2521.135179,1
AAASAAAAK,1.841,2521.135179,1
QQLYWSHPR,1.792,2400.577343,1
ERPLIFLRL,1.792,2400.577343,1
AFAYYVKIK,1.792,2400.577343,1
ALAKAALAV,1.777,2364.837403,1
KKYNASTEL,1.751,2304.144063,1
ALAKAYAAV,1.742,2283.499805,1
AAASAAAAL,1.726,2247.254543,1
ADASAAAAY,1.726,2247.254543,1
AAGSAAAAY,1.721,2236.046314,1
GRIDKPILA,1.712,2216.012186,1
QVDLLNILL,1.705,2200.554267,1
RRWLPAGDA,1.705,2200.554267,1
RYRPGTVAL,1.705,2200.554267,1
ALFKAAAAV,1.686,2159.138432,1
ARIAAAAAK,1.686,2159.138432,1
LLGSAANWI,1.668,2120.621632,1
LETSKQYRR,1.664,2112.156087,1
KYTSFPWLL,1.649,2080.71018,1
ANASAAAAY,1.633,2047.683733,1
AAASAAAAR,1.629,2039.509358,1
RWGFRDIKQ,1.609,1999.124367,1
TFGVAPSRL,1.609,1999.124367,1
SRVASVFAK,1.609,1999.124367,1
AGASAAAAY,1.564,1911.157861,1
AADSAAAAY,1.515,1819.768451,1
MAASAAAAY,1.513,1816.132551,1
KYPENFFLL,1.504,1799.860691,1
ARLFGIRAK,1.504,1799.860691,1
LAASAAAAY,1.44,1688.278327,1
AAASAAAAI,1.416,1648.242005,1
GAVNVVMTF,1.386,1599.529092,1
SRFASFKAK,1.335,1519.998379,1
IAASAAAAY,1.322,1500.366285,1
GAASAAAAY,1.322,1500.366285,1
RRYNASTEA,1.281,1440.095266,1
ALFKDWEEL,1.253,1400.331883,1
SVVVASVII,1.253,1400.331883,1
SRDKTIIMW,1.253,1400.331883,1
GRIDKPILK,1.241,1383.628323,1
QVPLRPMTY,1.238,1379.483658,1
TAASAAAAY,1.235,1375.351408,1
ATEKAAAAY,1.163,1279.806978,1
RTDGKVFQF,1.163,1279.806978,1
AYAKAAAAL,1.105,1207.689788,1
KAASAAAAY,1.105,1207.689788,1
FTFKPIKLP,1.099,1200.465344,1
RRSKEITVR,1.099,1200.465344,1
SKSFKAAKF,1.099,1200.465344,1
VSSVLNVSS,1.099,1200.465344,1
RAAAAAAAY,1.072,1168.486437,1
LKFANQVLI,1.065,1160.335594,1
ALAKAAYAV,1.058,1152.241606,1
VAASAAAAY,1.026,1115.95358,1
AAAAAAAYY,1.019,1108.169182,1
AAEKAAAAY,0.993,1079.728119,1
RRYNASTDL,0.971,1056.233489,1
KFKAKKYIF,0.916,999.7093104,1
ATDKAAAAY,0.916,999.7093104,1
AAAADAAAY,0.916,999.7093104,1
KTGGPIYKR,0.875,959.5501176,1
AAASAADAY,0.811,900.0628076,1
KTQGPSVFF,0.788,879.5976149,1
AHASAAAAY,0.788,879.5976149,1
SRFAKKFAK,0.788,879.5976149,1
RAYNASTEL,0.77,863.9065015,1
AAASAASAY,0.761,856.1662265,1
ARIAAAIAA,0.742,840.0526321,1
KVVNPLFEK,0.693,799.8822642,1
ALAKAAAAL,0.688,795.8928348,1
AAASAAGAY,0.683,791.9233027,1
ARAAAAIAK,0.642,760.1110546,1
AAASGAAAY,0.637,756.3199849,1
RRYNASTEI,0.621,744.3151599,1
KKFKSSKFF,0.588,720.1536177,1
AKAKAAAAF,0.588,720.1536177,1
TYLTSLFRL,0.56,700.2690001,1
RRYAASTEL,0.554,696.0799658,1
RRYNAATEL,0.554,696.0799658,1
AANSAAAAY,0.536,683.6626178,1
VRVCACPGR,0.531,680.2528363,1
SRFAFVVAK,0.531,680.2528363,1
RKYNASTEL,0.519,672.1385851,1
AYAAAAAAY,0.489,652.2738878,1
KRYNASTEL,0.482,647.7239141,1
SAASAAAAY,0.451,627.9525128,1
AAESAAAAY,0.445,624.1960783,1
AAAAADAAY,0.425,611.8361679,1
RRYQKSTEA,0.405,599.721,1
RRFNASTEL,0.365,576.2056033,1
GEHGLIIRV,0.336,559.7356099,1
SAWAVVWAK,0.336,559.7356099,1
ALAKAAAAF,0.322,551.9539104,1
AEFSAAAAY,0.3,539.943523,1
RRANASTEL,0.231,503.9436958,1
AAASEAAAY,0.223,499.9282295,1
AAASAAKAY,0.223,499.9282295,1
AAAIAAAAY,0.215,495.9447588,1
ARIDKPILA,0.207,491.9930287,1
ARAAAAAAL,0.199,488.0727864,1
KIWEELSVL,0.182,479.8456776,1
GRAFVTIGK,0.182,479.8456776,1
AAASAAAAW,0.104,443.840182,1
AAAAAAAAY,0.086,435.9225313,1
AAAAAAADY,0.049,420.0881403,1
AYAKAAAAF,0.03,412.1818136,1
YVSFIKYKY,0,400,1
RRIYDLIEL,0,400,1
RRYNASTEL,0,400,1
AFAKAAAAF,0,400,1
GRLTKHTKF,0,400,1
AAAKAAAAF,0,400,1
ARIAAAIAK,0,400,1
HLYSHPIIL,0,400,1
NQKLQFGRY,-0.051,380.1114682,1
AAPSAAAAY,-0.051,380.1114682,1
AAALAAAAY,-0.073,371.840332,1
LSKLRDIWF,-0.083,368.1404589,1
GLFMIDNFY,-0.105,360.129809,1
FRYNGLIHR,-0.105,360.129809,1
AIRLKVFVL,-0.105,360.129809,1
AAAAAARAY,-0.128,351.9413517,1
AAAGAAAAY,-0.174,336.1187591,1
AAASSAAAY,-0.174,336.1187591,1
SRYAWVKAK,-0.186,332.109438,1
GLSRPLLRL,-0.198,328.1479413,1
RAYQKSTEL,-0.211,323.9096268,1
AYAKAAAAY,-0.223,320.0459397,1
AAASNAAAY,-0.223,320.0459397,1
AADAKAAAY,-0.236,315.9122696,1
RRYNASAEL,-0.248,312.1439773,1
AAASAAAEY,-0.248,312.1439773,1
AAKSAAAAY,-0.261,308.1123678,1
AAASAATAY,-0.288,299.9046369,1
RRVKEVVKK,-0.288,299.9046369,1
AAASASAAY,-0.288,299.9046369,1
KYFDEHYEY,-0.288,299.9046369,1
RAASAAAAY,-0.301,296.0311091,1
ALAKAAAAY,-0.342,284.1392819,1
AAADAAAAY,-0.357,279.9089991,1
KESTLHLVL,-0.357,279.9089991,1
AAASDAAAY,-0.371,276.0175766,1
AEASAAAAY,-0.386,271.9082103,1
AQWIKWVYG,-0.416,263.8721082,1
AAASAAQAY,-0.446,256.0735088,1
AAASATAAY,-0.446,256.0735088,1
AAASADAAY,-0.446,256.0735088,1
AYRVEFDKY,-0.462,252.008936,1
AARAAAAAY,-0.478,248.0088788,1
AAQSAAAAY,-0.478,248.0088788,1
AAASAYAAY,-0.511,239.9581534,1
RRLPIFSRL,-0.511,239.9581534,1
ARYAAAIAK,-0.528,235.913343,1
SRWAVVWAA,-0.528,235.913343,1
AAASKAAAY,-0.545,231.9367133,1
AKASAAAAY,-0.545,231.9367133,1
NAASAAAAY,-0.545,231.9367133,1
AAAEAAAAY,-0.562,228.027115,1
ALMPLYACI,-0.598,219.9641431,1
AATSAAAAY,-0.598,219.9641431,1
AAASVAAAY,-0.616,216.0402099,1
RRYNASTAL,-0.635,211.9741953,1
AAASAWAAY,-0.673,204.070301,1
AIAKAAAAY,-0.693,200.0294383,1
AAAAYAAAY,-0.693,200.0294383,1
AAAAAYAAY,-0.693,200.0294383,1
AAASAANAY,-0.693,200.0294383,1
GQRKPATSY,-0.693,200.0294383,1
IISCTCPVT,-0.713,196.06859,1
RRYQASTEL,-0.734,191.9940817,1
AAASAAEAY,-0.734,191.9940817,1
AAASAAAAF,-0.734,191.9940817,1
ARYQKSTEA,-0.755,188.0042459,1
AAASAVAAY,-0.755,188.0042459,1
AFYFDSYFA,-0.799,179.9114071,1
KVFGPIHER,-0.799,179.9114071,1
AVAKAAAAY,-0.821,175.9965772,1
AAASTAAAY,-0.821,175.9965772,1
AIASAAAAY,-0.821,175.9965772,1
AAASALAAY,-0.821,175.9965772,1
AAASAAAQY,-0.821,175.9965772,1
ARAAAAAAY,-0.868,167.9161163,1
AAASAFAAY,-0.868,167.9161163,1
AAASAAAPY,-0.868,167.9161163,1
AYASAAAAY,-0.892,163.9341048,1
AAASAAALY,-0.892,163.9341048,1
AARSAAAAY,-0.892,163.9341048,1
AAASHAAAY,-0.916,160.0465239,1
ARIAAAIAR,-0.916,160.0465239,1
AAAARAAAY,-0.916,160.0465239,1
ARIAAAIAL,-0.916,160.0465239,1
AAAAAAYAY,-0.916,160.0465239,1
AAASAAAKY,-0.916,160.0465239,1
RRYPDAVYL,-0.916,160.0465239,1
AAASAMAAY,-0.942,155.9389442,1
AAASAAAHY,-0.942,155.9389442,1
AAASAAAAY,-0.968,151.9367851,1
ATASAAAAY,-0.968,151.9367851,1
AFASAAAAY,-0.968,151.9367851,1
AAASAARAY,-0.968,151.9367851,1
AAASAHAAY,-0.968,151.9367851,1
AAANAAAAY,-0.968,151.9367851,1
AAASQAAAY,-1.022,143.9497884,1
AAASAAADY,-1.022,143.9497884,1
AAASAQAAY,-1.05,139.9750996,1
KKTSLEKRM,-1.05,139.9750996,1
ALASAAAAY,-1.079,135.9741164,1
AAASARAAY,-1.079,135.9741164,1
AAASAAAFY,-1.079,135.9741164,1
AAASAAAVY,-1.079,135.9741164,1
AAASAAARY,-1.079,135.9741164,1
SRWAVVWAK,-1.079,135.9741164,1
AAASAAWAY,-1.079,135.9741164,1
AMASAAAAY,-1.109,131.9554739,1
AAASAAHAY,-1.139,128.0556003,1
AAASMAAAY,-1.139,128.0556003,1
AAAQAAAAY,-1.139,128.0556003,1
AAATAAAAY,-1.171,124.0226918,1
AAASAPAAY,-1.171,124.0226918,1
AAAAAAARY,-1.171,124.0226918,1
AAASANAAY,-1.204,119.9967366,1
AAHSAAAAY,-1.238,115.9854262,1
AASSAAAAY,-1.238,115.9854262,1
ASASAAAAY,-1.238,115.9854262,1
AAASAAAIY,-1.238,115.9854262,1
AAASAAANY,-1.238,115.9854262,1
AAASAEAAY,-1.238,115.9854262,1
AAASAALAY,-1.273,111.9961558,1
AAASAGAAY,-1.273,111.9961558,1
AAASAAIAY,-1.309,108.0360046,1
RRYQKSTEL,-1.309,108.0360046,1
AAASAAVAY,-1.309,108.0360046,1
AALSAAAAY,-1.347,104.0076597,1
AAASAAAYY,-1.386,100.0294404,1
AAASRAAAY,-1.386,100.0294404,1
SRWAWVKAK,-1.386,100.0294404,1
SRYAWVFAK,-1.386,100.0294404,1
AAASAAMAY,-1.386,100.0294404,1
AAASAAFAY,-1.386,100.0294404,1
AAISAAAAY,-1.386,100.0294404,1
AAAYAAAAY,-1.427,96.01117079,1
AAASAKAAY,-1.427,96.01117079,1
AAASAAAMY,-1.427,96.01117079,1
SRYWAIRTR,-1.427,96.01117079,1
AAASLAAAY,-1.427,96.01117079,1
AAAKAAAAY,-1.427,96.01117079,1
AAYAAAAAY,-1.427,96.01117079,1
AAAVAAAAY,-1.47,91.97019407,1
AAAFAAAAY,-1.47,91.97019407,1
LYQFSKPGI,-1.47,91.97019407,1
KVHDMGFEY,-1.47,91.97019407,1
AQASAAAAY,-1.47,91.97019407,1
ARASAAAAY,-1.514,88.01124119,1
AAASFAAAY,-1.514,88.01124119,1
AAAMAAAAY,-1.561,83.97041607,1
AAASAAATY,-1.561,83.97041607,1
AAAAARAAY,-1.561,83.97041607,1
AVASAAAAY,-1.561,83.97041607,1
NVATLELQF,-1.609,80.03504067,1
KYFSYIIKY,-1.609,80.03504067,1
AQYEIEMPL,-1.609,80.03504067,1
AAMSAAAAY,-1.609,80.03504067,1
AAASPAAAY,-1.609,80.03504067,1
AEMGKGSFY,-1.609,80.03504067,1
AAARAAAAY,-1.609,80.03504067,1
AAAPAAAAY,-1.609,80.03504067,1
ARFAAAIAK,-1.661,75.97957446,1
AAASYAAAY,-1.661,75.97957446,1
AAASIAAAY,-1.661,75.97957446,1
AAASAAPEY,-1.715,71.98548829,1
AAAHAAAAY,-1.772,67.99706531,1
AAAWAAAAY,-1.772,67.99706531,1
RRYNASTEF,-1.833,63.97321928,1
AAASAAAWY,-1.833,63.97321928,1
AAASAAASY,-1.897,60.00719953,1
AAASAIAAY,-1.897,60.00719953,1
AAASAAAGY,-1.966,56.00632031,1
AAASAAYAY,-2.12,48.0126514,1
AAASWAAAY,-2.207,44.01209784,1
KRGILTLKY,-2.303,39.98340716,1
IRKPYIWEY,-2.303,39.98340716,1
AWASAAAAY,-2.303,39.98340716,1
AAFSAAAAY,-2.303,39.98340716,1
RRRWRRLTV,-2.303,39.98340716,1
AAVSAAAAY,-2.303,39.98340716,1
VIYTIPWRF,-2.408,35.99804196,1
AAWSAAAAY,-2.526,31.9913178,1
AAASAAPAY,-2.659,28.00728198,1
RGYRPRFRR,-2.996,19.99464619,1
AAYSAAAAY,-3.219,15.99801332,1
KRFSFKKSF,-3.507,11.99469594,1
KRYKSIVKY,-3.507,11.99469594,1
NKADVILKY,-4.605,4.000680802,1
RRFGDKLNF,-4.605,4.000680802,1
